INSERT INTO user_profiles (
    user_account_id, first_name, last_name, middle_name, birth_last_name, father_name, mother_name, mother_birth_last_name,
    date_of_birth, country_of_birth, city_of_birth, nationality, national_minority, citizenship, address, bank_account, 
    bank_name, official_personal_id, official_personal_document_number, official_personal_document_issuer, gender, 
    single_parent, housing_done, housing_description, martial_status, date_of_taking_oath, date_of_becoming_judge, 
    active_contract, revisor_role, engagement_type_id, created_at, updated_at, personal_id, is_judge, file_id, year, 
    judge_application_submission_date
) VALUES 
(2, 'Menadžer', 'Apelacioni Sud Crne Gore', '', '', 'Marko', 'Mila', '', '1990-05-05', 'mne', 'Podgorica', '', '', 'mne', 'Ulica Vladana Giljena 21', '', '', '0505990191919', 'DOC67890', 'PJ Bar', 'M', 'f', 't', 'Stan u Nikšiću', 'Oženjen', '2023-10-26', NULL, NULL, NULL, NULL, NOW(), NOW(), '', 'f', 0, 2024, NULL),
(3, 'Menadžer', 'Sekretarijat Sudskog savjeta', '', '', 'Marko', 'Mila', '', '1990-05-05', 'mne', 'Podgorica', '', '', 'mne', 'Ulica Vladana Giljena 21', '', '', '0505990191919', 'DOC67890', 'PJ Bar', 'M', 'f', 't', 'Stan u Nikšiću', 'Oženjen', '2023-10-26', NULL, NULL, NULL, NULL, NOW(), NOW(), '', 'f', 0, 2024, NULL),
(4, 'Menadžer', 'Viši sud Podgorica', '', '', 'Marko', 'Mila', '', '1990-05-05', 'mne', 'Podgorica', '', '', 'mne', 'Ulica Vladana Giljena 21', '', '', '0505990191919', 'DOC67890', 'PJ Bar', 'M', 'f', 't', 'Stan u Nikšiću', 'Oženjen', '2023-10-26', NULL, NULL, NULL, NULL, NOW(), NOW(), '', 'f', 0, 2024, NULL),
(5, 'Menadžer', 'Osnovni sud Žabljak', '', '', 'Marko', 'Mila', '', '1990-05-05', 'mne', 'Podgorica', '', '', 'mne', 'Ulica Vladana Giljena 21', '', '', '0505990191919', 'DOC67890', 'PJ Bar', 'M', 'f', 't', 'Stan u Nikšiću', 'Oženjen', '2023-10-26', NULL, NULL, NULL, NULL, NOW(), NOW(), '', 'f', 0, 2024, NULL),
(6, 'Menadžer', 'Upravni sud Crne Gore', '', '', 'Marko', 'Mila', '', '1990-05-05', 'mne', 'Podgorica', '', '', 'mne', 'Ulica Vladana Giljena 21', '', '', '0505990191919', 'DOC67890', 'PJ Bar', 'M', 'f', 't', 'Stan u Nikšiću', 'Oženjen', '2023-10-26', NULL, NULL, NULL, NULL, NOW(), NOW(), '', 'f', 0, 2024, NULL),
(7, 'Menadžer', 'Osnovni sud Plav', '', '', 'Marko', 'Mila', '', '1990-05-05', 'mne', 'Podgorica', '', '', 'mne', 'Ulica Vladana Giljena 21', '', '', '0505990191919', 'DOC67890', 'PJ Bar', 'M', 'f', 't', 'Stan u Nikšiću', 'Oženjen', '2023-10-26', NULL, NULL, NULL, NULL, NOW(), NOW(), '', 'f', 0, 2024, NULL),
(8, 'Menadžer', 'Sud za prekršaje Bijelo Polje', '', '', 'Marko', 'Mila', '', '1990-05-05', 'mne', 'Podgorica', '', '', 'mne', 'Ulica Vladana Giljena 21', '', '', '0505990191919', 'DOC67890', 'PJ Bar', 'M', 'f', 't', 'Stan u Nikšiću', 'Oženjen', '2023-10-26', NULL, NULL, NULL, NULL, NOW(), NOW(), '', 'f', 0, 2024, NULL),
(9, 'Menadžer', 'Osnovni sud Berane', '', '', 'Marko', 'Mila', '', '1990-05-05', 'mne', 'Podgorica', '', '', 'mne', 'Ulica Vladana Giljena 21', '', '', '0505990191919', 'DOC67890', 'PJ Bar', 'M', 'f', 't', 'Stan u Nikšiću', 'Oženjen', '2023-10-26', NULL, NULL, NULL, NULL, NOW(), NOW(), '', 'f', 0, 2024, NULL),
(10, 'Menadžer', 'Osnovni sud Cetinje', '', '', 'Marko', 'Mila', '', '1990-05-05', 'mne', 'Podgorica', '', '', 'mne', 'Ulica Vladana Giljena 21', '', '', '0505990191919', 'DOC67890', 'PJ Bar', 'M', 'f', 't', 'Stan u Nikšiću', 'Oženjen', '2023-10-26', NULL, NULL, NULL, NULL, NOW(), NOW(), '', 'f', 0, 2024, NULL),
(11, 'Menadžer', 'Osnovni sud Danilovgrad', '', '', 'Marko', 'Mila', '', '1990-05-05', 'mne', 'Podgorica', '', '', 'mne', 'Ulica Vladana Giljena 21', '', '', '0505990191919', 'DOC67890', 'PJ Bar', 'M', 'f', 't', 'Stan u Nikšiću', 'Oženjen', '2023-10-26', NULL, NULL, NULL, NULL, NOW(), NOW(), '', 'f', 0, 2024, NULL),
(12, 'Menadžer', 'Osnovni sud Herceg Novi', '', '', 'Marko', 'Mila', '', '1990-05-05', 'mne', 'Podgorica', '', '', 'mne', 'Ulica Vladana Giljena 21', '', '', '0505990191919', 'DOC67890', 'PJ Bar', 'M', 'f', 't', 'Stan u Nikšiću', 'Oženjen', '2023-10-26', NULL, NULL, NULL, NULL, NOW(), NOW(), '', 'f', 0, 2024, NULL),
(13, 'Menadžer', 'Osnovni sud Kolašin', '', '', 'Marko', 'Mila', '', '1990-05-05', 'mne', 'Podgorica', '', '', 'mne', 'Ulica Vladana Giljena 21', '', '', '0505990191919', 'DOC67890', 'PJ Bar', 'M', 'f', 't', 'Stan u Nikšiću', 'Oženjen', '2023-10-26', NULL, NULL, NULL, NULL, NOW(), NOW(), '', 'f', 0, 2024, NULL),
(14, 'Menadžer', 'Osnovni sud Nikšić', '', '', 'Marko', 'Mila', '', '1990-05-05', 'mne', 'Podgorica', '', '', 'mne', 'Ulica Vladana Giljena 21', '', '', '0505990191919', 'DOC67890', 'PJ Bar', 'M', 'f', 't', 'Stan u Nikšiću', 'Oženjen', '2023-10-26', NULL, NULL, NULL, NULL, NOW(), NOW(), '', 'f', 0, 2024, NULL),
(15, 'Menadžer', 'Osnovni sud Rožaje', '', '', 'Marko', 'Mila', '', '1990-05-05', 'mne', 'Podgorica', '', '', 'mne', 'Ulica Vladana Giljena 21', '', '', '0505990191919', 'DOC67890', 'PJ Bar', 'M', 'f', 't', 'Stan u Nikšiću', 'Oženjen', '2023-10-26', NULL, NULL, NULL, NULL, NOW(), NOW(), '', 'f', 0, 2024, NULL),
(16, 'Menadžer', 'Osnovni sud Ulcinj', '', '', 'Marko', 'Mila', '', '1990-05-05', 'mne', 'Podgorica', '', '', 'mne', 'Ulica Vladana Giljena 21', '', '', '0505990191919', 'DOC67890', 'PJ Bar', 'M', 'f', 't', 'Stan u Nikšiću', 'Oženjen', '2023-10-26', NULL, NULL, NULL, NULL, NOW(), NOW(), '', 'f', 0, 2024, NULL),
(17, 'Menadžer', 'Osnovni sud Bar', '', '', 'Marko', 'Mila', '', '1990-05-05', 'mne', 'Podgorica', '', '', 'mne', 'Ulica Vladana Giljena 21', '', '', '0505990191919', 'DOC67890', 'PJ Bar', 'M', 'f', 't', 'Stan u Nikšiću', 'Oženjen', '2023-10-26', NULL, NULL, NULL, NULL, NOW(), NOW(), '', 'f', 0, 2024, NULL),
(18, 'Menadžer', 'Osnovni sud Bijelo Polje', '', '', 'Marko', 'Mila', '', '1990-05-05', 'mne', 'Podgorica', '', '', 'mne', 'Ulica Vladana Giljena 21', '', '', '0505990191919', 'DOC67890', 'PJ Bar', 'M', 'f', 't', 'Stan u Nikšiću', 'Oženjen', '2023-10-26', NULL, NULL, NULL, NULL, NOW(), NOW(), '', 'f', 0, 2024, NULL),
(19, 'Menadžer', 'Osnovni sud Pljevlja', '', '', 'Marko', 'Mila', '', '1990-05-05', 'mne', 'Podgorica', '', '', 'mne', 'Ulica Vladana Giljena 21', '', '', '0505990191919', 'DOC67890', 'PJ Bar', 'M', 'f', 't', 'Stan u Nikšiću', 'Oženjen', '2023-10-26', NULL, NULL, NULL, NULL, NOW(), NOW(), '', 'f', 0, 2024, NULL),
(20, 'Menadžer', 'Viši sud Bijelo Polje', '', '', 'Marko', 'Mila', '', '1990-05-05', 'mne', 'Podgorica', '', '', 'mne', 'Ulica Vladana Giljena 21', '', '', '0505990191919', 'DOC67890', 'PJ Bar', 'M', 'f', 't', 'Stan u Nikšiću', 'Oženjen', '2023-10-26', NULL, NULL, NULL, NULL, NOW(), NOW(), '', 'f', 0, 2024, NULL),
(21, 'Menadžer', 'Osnovni sud Podgorica', '', '', 'Marko', 'Mila', '', '1990-05-05', 'mne', 'Podgorica', '', '', 'mne', 'Ulica Vladana Giljena 21', '', '', '0505990191919', 'DOC67890', 'PJ Bar', 'M', 'f', 't', 'Stan u Nikšiću', 'Oženjen', '2023-10-26', NULL, NULL, NULL, NULL, NOW(), NOW(), '', 'f', 0, 2024, NULL),
(22, 'Menadžer', 'Privredni sud Crne Gore', '', '', 'Marko', 'Mila', '', '1990-05-05', 'mne', 'Podgorica', '', '', 'mne', 'Ulica Vladana Giljena 21', '', '', '0505990191919', 'DOC67890', 'PJ Bar', 'M', 'f', 't', 'Stan u Nikšiću', 'Oženjen', '2023-10-26', NULL, NULL, NULL, NULL, NOW(), NOW(), '', 'f', 0, 2024, NULL),
(23, 'Menadžer', 'Sud za prekršaje Budva', '', '', 'Marko', 'Mila', '', '1990-05-05', 'mne', 'Podgorica', '', '', 'mne', 'Ulica Vladana Giljena 21', '', '', '0505990191919', 'DOC67890', 'PJ Bar', 'M', 'f', 't', 'Stan u Nikšiću', 'Oženjen', '2023-10-26', NULL, NULL, NULL, NULL, NOW(), NOW(), '', 'f', 0, 2024, NULL),
(24, 'Menadžer', 'Sud za prekršaje u Podgorici', '', '', 'Marko', 'Mila', '', '1990-05-05', 'mne', 'Podgorica', '', '', 'mne', 'Ulica Vladana Giljena 21', '', '', '0505990191919', 'DOC67890', 'PJ Bar', 'M', 'f', 't', 'Stan u Nikšiću', 'Oženjen', '2023-10-26', NULL, NULL, NULL, NULL, NOW(), NOW(), '', 'f', 0, 2024, NULL),
(25, 'Menadžer', 'Viši sud za prekršaje Crne Gore', '', '', 'Marko', 'Mila', '', '1990-05-05', 'mne', 'Podgorica', '', '', 'mne', 'Ulica Vladana Giljena 21', '', '', '0505990191919', 'DOC67890', 'PJ Bar', 'M', 'f', 't', 'Stan u Nikšiću', 'Oženjen', '2023-10-26', NULL, NULL, NULL, NULL, NOW(), NOW(), '', 'f', 0, 2024, NULL),
(26, 'Menadžer', 'Vrhovni sud Crne Gore', '', '', 'Marko', 'Mila', '', '1990-05-05', 'mne', 'Podgorica', '', '', 'mne', 'Ulica Vladana Giljena 21', '', '', '0505990191919', 'DOC67890', 'PJ Bar', 'M', 'f', 't', 'Stan u Nikšiću', 'Oženjen', '2023-10-26', NULL, NULL, NULL, NULL, NOW(), NOW(), '', 'f', 0, 2024, NULL),
(27, 'Menadžer', 'Osnovni sud Kotor', '', '', 'Marko', 'Mila', '', '1990-05-05', 'mne', 'Podgorica', '', '', 'mne', 'Ulica Vladana Giljena 21', '', '', '0505990191919', 'DOC67890', 'PJ Bar', 'M', 'f', 't', 'Stan u Nikšiću', 'Oženjen', '2023-10-26', NULL, NULL, NULL, NULL, NOW(), NOW(), '', 'f', 0, 2024, NULL);



insert into systematizations(user_profile_id, organization_unit_id, active, date_of_activation, serial_number, description)
values 
(1, 1, 2, NOW(), '1234', ''),
(1, 3, 2, NOW(), '1234', ''),
(1, 4, 2, NOW(), '1234', ''),
(1, 5, 2, NOW(), '1234', ''),
(1, 6, 2, NOW(), '1234', ''),
(1, 7, 2, NOW(), '1234', ''),
(1, 8, 2, NOW(), '1234', ''),
(1, 9, 2, NOW(), '1234', ''),
(1, 10, 2, NOW(), '1234', ''),
(1, 11, 2, NOW(), '1234', ''),
(1, 12, 2, NOW(), '1234', ''),
(1, 13, 2, NOW(), '1234', ''),
(1, 14, 2, NOW(), '1234', ''),
(1, 15, 2, NOW(), '1234', ''),
(1, 16, 2, NOW(), '1234', ''),
(1, 17, 2, NOW(), '1234', ''),
(1, 18, 2, NOW(), '1234', ''),
(1, 19, 2, NOW(), '1234', ''),
(1, 20, 2, NOW(), '1234', ''),
(1, 21, 2, NOW(), '1234', ''),
(1, 22, 2, NOW(), '1234', ''),
(1, 23, 2, NOW(), '1234', ''),
(1, 24, 2, NOW(), '1234', ''),
(1, 25, 2, NOW(), '1234', ''),
(1, 26, 2, NOW(), '1234', '');





insert into job_positions(title, is_judge, is_judge_president, abbreviation, serial_number, requirements)
values('Menadžer OJ', false, false, '', '2', '');

insert into job_positions_in_organization_units(parent_organization_unit_id, systematization_id, job_position_id, available_slots)
values
(2, 1, 2, 1),
(1, 2, 2, 1),
(3, 3, 2, 1),
(4, 4, 2, 1),
(5, 5, 2, 1),
(6, 6, 2, 1),
(7, 7, 2, 1),
(8, 8, 2, 1),
(9, 9, 2, 1),
(10, 10, 2, 1),
(11, 11, 2, 1),
(12, 12, 2, 1),
(13, 13, 2, 1),
(14, 14, 2, 1),
(15, 15, 2, 1),
(16, 16, 2, 1),
(17, 17, 2, 1),
(18, 18, 2, 1),
(19, 19, 2, 1),
(20, 20, 2, 1),
(21, 21, 2, 1),
(22, 22, 2, 1),
(23, 23, 2, 1),
(24, 24, 2, 1),
(25, 25, 2, 1),
(26, 26, 2, 1);

insert into employees_in_organization_units(user_account_id, user_profile_id, position_in_organization_unit_id, active)
values
(2,2,2,true),
(3,3,3,true),
(4,4,4,true),
(5,5,5,true),
(6,6,6,true),
(7,7,7,true),
(8,8,8,true),
(9,9,9,true),
(10,10,10,true),
(11,11,11,true),
(12,12,12,true),
(13,13,13,true),
(14,14,14,true),
(15,15,15,true),
(16,16,16,true),
(17,17,17,true),
(18,18,18,true),
(19,19,19,true),
(20,20,20,true),
(21,21,21,true),
(22,22,22,true),
(23,23,23,true),
(24,24,24,true),
(25,25,25,true),
(26,26,26,true),
(27,27,27,true);